\N,2023-04-05 09:00:00,2023-04-05 17:00:00
\N,2023-04-05 17:00:00,2023-04-06 01:00:00
\N,2023-04-06 01:00:00,2023-04-06 09:00:00
\N,2023-04-06 09:00:00,2023-04-06 17:00:00
\N,2023-04-06 17:00:00,2023-04-07 01:00:00
\N,2023-04-07 01:00:00,2023-04-07 09:00:00
\N,2023-04-07 09:00:00,2023-04-07 17:00:00
\N,2023-04-07 17:00:00,2023-04-08 01:00:00
\N,2023-04-08 01:00:00,2023-04-08 09:00:00
\N,2023-04-08 09:00:00,2023-04-08 17:00:00
\N,2023-04-08 17:00:00,2023-04-09 01:00:00
\N,2023-04-09 01:00:00,2023-04-09 09:00:00
\N,2023-04-09 09:00:00,2023-04-09 17:00:00
\N,2023-04-09 17:00:00,2023-04-10 01:00:00
\N,2023-04-10 01:00:00,2023-04-10 09:00:00